rf_auc,lr_auc
0.9970513222883737,0.8242079267558126
